productId,name,cleanName,imageUrl,categoryId,groupId,url,modifiedOn,imageCount,lowPrice,midPrice,highPrice,marketPrice,directLowPrice,subTypeName,extRarity,extNumber,extEnergyCost,extPowerCost,extMight,extCardType,extTag,extDomain,extFlavorText
655495,Riftbound: League of Legends Arcane Box Set,Riftbound League of Legends Arcane Box Set,https://tcgplayer-cdn.tcgplayer.com/product/655495_200w.jpg,89,24343,https://cpt.tcgcsv.com/Wcg7,2026-02-11T05:10:10.187,1,529.99,833.49,4999.99,568.08,,Normal,,,,,,,,,
658333,Riftbound: Worlds Bundle 2025,Riftbound Worlds Bundle 2025,https://tcgplayer-cdn.tcgplayer.com/product/658333_200w.jpg,89,24343,https://cpt.tcgcsv.com/Hlh7,2026-02-23T21:29:50.91,1,1071.0,1472.48,9999.99,1161.23,,Normal,,,,,,,,,
659765,"Ahri, Alluring (Launch Exclusive)",Ahri Alluring Launch Exclusive,https://tcgplayer-cdn.tcgplayer.com/product/659765_200w.jpg,89,24343,https://cpt.tcgcsv.com/kWh7,2026-08-12T20:25:32.503,1,159.0,200.0,999.99,188.89,,Foil,Promo,066/298,5,1,4,Champion Unit,Ahri;Ionia,Calm,"<em>""Remember this moment.""</em>"
659766,"Teemo, Scout",Teemo Scout,https://tcgplayer-cdn.tcgplayer.com/product/659766_200w.jpg,89,24343,https://cpt.tcgcsv.com/lWh7,2026-08-12T20:25:32.613,1,7.45,25.0,89.99,16.09,,Normal,Promo,197/298,2,0,1,Champion Unit,Bandle City;Teemo;Yordle,Chaos,"<em>""Reporting in!""</em>"
663004,Buff // Buff (Fist Bump Promo),Buff Buff Fist Bump Promo,https://tcgplayer-cdn.tcgplayer.com/product/663004_200w.jpg,89,24343,https://cpt.tcgcsv.com/6dk7,2026-01-08T18:26:00.66,0,299.99,380.0,1000.0,139.0,,Foil,Promo,,,,,None,,,
670598,"Teemo, Swift Scout (Alternate Art)",Teemo Swift Scout Alternate Art,https://tcgplayer-cdn.tcgplayer.com/product/670598_200w.jpg,89,24343,https://cpt.tcgcsv.com/-fn7,2026-08-12T20:25:32.687,1,599.99,892.5,2500.0,687.97,,Foil,Promo,263a/298,0,0,0,Legend,Teemo,Mind;Chaos,
672073,Bandle Tree,Bandle Tree,https://tcgplayer-cdn.tcgplayer.com/product/672073_200w.jpg,89,24343,https://cpt.tcgcsv.com/tRn7,2026-01-09T19:29:26.517,1,57.95,61.31,103.99,51.06,,Foil,Promo,278a/298,0,0,0,Battlefield,,None,
672083,The Grand Plaza,The Grand Plaza,https://tcgplayer-cdn.tcgplayer.com/product/672083_200w.jpg,89,24343,https://cpt.tcgcsv.com/HRn7,2026-01-09T19:39:56.317,1,39.92,48.99,1000.0,43.24,,Foil,Promo,293a/298,0,0,0,Battlefield,,None,
672088,Aspirant's Climb,Aspirants Climb,https://tcgplayer-cdn.tcgplayer.com/product/672088_200w.jpg,89,24343,https://cpt.tcgcsv.com/NRn7,2026-01-09T19:49:32.81,1,49.41,60.0,109.0,72.06,,Foil,Promo,276a/298,0,0,0,Battlefield,,None,
678049,"Warwick, Hunter",Warwick Hunter,https://tcgplayer-cdn.tcgplayer.com/product/678049_200w.jpg,89,24343,https://cpt.tcgcsv.com/_dr7,2026-08-12T20:25:32.763,1,68.0,80.0,599.99,46.78,,Foil,Promo,159a/298,6,1,5,Champion Unit,Dog;Warwick;Zaun,Body,"<em>""Once the serum has been injected, the beast will be unstoppable.""‚ÄîSinged</em>"
678050,"Caitlyn, Patrolling",Caitlyn Patrolling,https://tcgplayer-cdn.tcgplayer.com/product/678050_200w.jpg,89,24343,https://cpt.tcgcsv.com/0fr7,2026-08-12T20:25:32.89,1,90.0,200.0,1099.99,88.29,,Foil,Promo,068a/298,3,1,3,Champion Unit,Caitlyn;Piltover,Calm,"<em>""Just get me a clear shot.""</em>"
678051,"Heimerdinger, Inventor",Heimerdinger Inventor,https://tcgplayer-cdn.tcgplayer.com/product/678051_200w.jpg,89,24343,https://cpt.tcgcsv.com/2fr7,2026-08-12T20:25:33.083,1,50.0,120.0,599.99,60.05,,Foil,Promo,111a/298,3,1,3,Champion Unit,Heimerdinger;Piltover;Yordle,Mind,"<em>""Every action sparks a reaction.""</em>"
678052,"Jinx, Rebel",Jinx Rebel,https://tcgplayer-cdn.tcgplayer.com/product/678052_200w.jpg,89,24343,https://cpt.tcgcsv.com/3fr7,2026-08-12T20:25:33.143,1,248.99,285.75,899.99,169.22,,Foil,Promo,202/298,5,1,5,Champion Unit,Jinx;Zaun,Chaos,"<em>""I've got a bone to pick with, well, just about everyone.""</em>"
678053,"Vi, Destructive",Vi Destructive,https://tcgplayer-cdn.tcgplayer.com/product/678053_200w.jpg,89,24343,https://cpt.tcgcsv.com/5fr7,2026-08-12T20:25:34.043,1,90.0,100.97,899.99,93.4,,Foil,Promo,036a/298,2,1,3,Champion Unit,Piltover;Vi,Fury,"<em>""Everybody dies. Might as well go down swinging.""</em>"
678054,"Viktor, Leader",Viktor Leader,https://tcgplayer-cdn.tcgplayer.com/product/678054_200w.jpg,89,24343,https://cpt.tcgcsv.com/6fr7,2026-08-12T20:25:34.123,1,83.39,125.0,899.99,102.0,,Foil,Promo,246b/298,4,1,4,Champion Unit,Viktor;Zaun,Order,"<em>""I am more than I ever was.""</em>"
702608,Bird // Brush,Bird Brush,https://tcgplayer-cdn.tcgplayer.com/product/702608_200w.jpg,89,24343,https://cpt.tcgcsv.com/b3F7,2026-06-23T19:41:09.72,0,1.9,3.38,17.65,3.02,,Foil,None,T02 // T03,,,1,Unit;Battlefield;Token,,None,
710699,"Riven, Shattered",Riven Shattered,https://tcgplayer-cdn.tcgplayer.com/product/710699_200w.jpg,89,24343,https://cpt.tcgcsv.com/_hJ7,2026-08-12T20:25:34.317,1,137.99,140.0,145.0,117.88,,Foil,Promo,041a/166,3,1,3,Champion Unit,Noxus;Riven,Calm,"<em>""A sword mirrors its owner.""</em>ÔªøProduct Id"